Data Date,Created At,Trip ID,Sender ID,Content,Trip Info → Driver ID,Vehicle Telemetry 1min - Driver → Vhs,Vehicle Telemetry 1min - Driver → Location Lat,Vehicle Telemetry 1min - Driver → Location Lon
"May 25, 2026","May 25, 2026, 07:17",6a1392ab06116e01335966a8,69e487ebaa730ec3ef599292,รถมาล่าช้า,xHry3PSSsYXteaHus,1,13.80644670° N,100.52708330° E
"May 25, 2026","May 25, 2026, 07:17",6a1392ab06116e01335966a8,69e487ebaa730ec3ef599292,รถมาล่าช้า,xHry3PSSsYXteaHus,0,13.80647500° N,100.52661170° E
"May 25, 2026","May 25, 2026, 07:17",6a1392ab06116e01335966a8,69e487ebaa730ec3ef599292,รถมาล่าช้า,xHry3PSSsYXteaHus,0,13.80645170° N,100.52717500° E
"May 25, 2026","May 25, 2026, 07:18",6a1392ab06116e01335966a8,69e487ebaa730ec3ef599292,รถไม่ขยับ,xHry3PSSsYXteaHus,1,13.80644670° N,100.52708330° E
"May 25, 2026","May 25, 2026, 07:18",6a1392ab06116e01335966a8,69e487ebaa730ec3ef599292,รถไม่ขยับ,xHry3PSSsYXteaHus,0,13.80645170° N,100.52717500° E
"May 25, 2026","May 25, 2026, 07:18",6a1392ab06116e01335966a8,69e487ebaa730ec3ef599292,รถไม่ขยับ,xHry3PSSsYXteaHus,0,13.80645170° N,100.52717500° E
"May 25, 2026","May 25, 2026, 07:21",6a1392ab06116e01335966a8,69e487ebaa730ec3ef599292,รถไม่ขยับ,xHry3PSSsYXteaHus,0,13.80644330° N,100.52950830° E
"May 25, 2026","May 25, 2026, 07:21",6a1392ab06116e01335966a8,69e487ebaa730ec3ef599292,รถไม่ขยับ,xHry3PSSsYXteaHus,8,13.80646830° N,100.52837170° E
"May 25, 2026","May 25, 2026, 07:21",6a1392ab06116e01335966a8,69e487ebaa730ec3ef599292,รถไม่ขยับ,xHry3PSSsYXteaHus,6,13.80648500° N,100.52906170° E
"May 25, 2026","May 25, 2026, 07:22",6a1392ab06116e01335966a8,69e487ebaa730ec3ef599292,รถไม่ขยับ,xHry3PSSsYXteaHus,0,13.80644330° N,100.52950830° E
"May 25, 2026","May 25, 2026, 07:22",6a1392ab06116e01335966a8,69e487ebaa730ec3ef599292,รถไม่ขยับ,xHry3PSSsYXteaHus,6,13.80648500° N,100.52906170° E
"May 25, 2026","May 25, 2026, 07:22",6a1392ab06116e01335966a8,69e487ebaa730ec3ef599292,รถไม่ขยับ,xHry3PSSsYXteaHus,0,13.80646670° N,100.52958830° E
"May 25, 2026","May 25, 2026, 07:22",6a1392ab06116e01335966a8,69e487ebaa730ec3ef599292,รถมาล่าช้า,xHry3PSSsYXteaHus,6,13.80648500° N,100.52906170° E
"May 25, 2026","May 25, 2026, 07:22",6a1392ab06116e01335966a8,69e487ebaa730ec3ef599292,รถมาล่าช้า,xHry3PSSsYXteaHus,0,13.80646670° N,100.52958830° E
"May 25, 2026","May 25, 2026, 07:22",6a1392ab06116e01335966a8,69e487ebaa730ec3ef599292,รถมาล่าช้า,xHry3PSSsYXteaHus,0,13.80644330° N,100.52950830° E
"May 25, 2026","May 25, 2026, 07:23",6a1392ab06116e01335966a8,69e487ebaa730ec3ef599292,รถไม่ขยับ,xHry3PSSsYXteaHus,0,13.80646670° N,100.52958830° E
"May 25, 2026","May 25, 2026, 07:23",6a1392ab06116e01335966a8,69e487ebaa730ec3ef599292,รถไม่ขยับ,xHry3PSSsYXteaHus,0,13.80644330° N,100.52950830° E
"May 25, 2026","May 25, 2026, 07:23",6a1392ab06116e01335966a8,69e487ebaa730ec3ef599292,รถไม่ขยับ,xHry3PSSsYXteaHus,6,13.80646670° N,100.52974830° E
"May 25, 2026","May 25, 2026, 07:23",6a1392ab06116e01335966a8,69e487ebaa730ec3ef599292,รถไม่ขยับ,xHry3PSSsYXteaHus,0,13.80646670° N,100.52958830° E
"May 25, 2026","May 25, 2026, 07:23",6a1392ab06116e01335966a8,69e487ebaa730ec3ef599292,รถไม่ขยับ,xHry3PSSsYXteaHus,6,13.80646670° N,100.52974830° E
"May 25, 2026","May 25, 2026, 07:23",6a1392ab06116e01335966a8,69e487ebaa730ec3ef599292,รถไม่ขยับ,xHry3PSSsYXteaHus,0,13.80644330° N,100.52950830° E
"May 25, 2026","May 25, 2026, 07:23",6a1392ab06116e01335966a8,69e487ebaa730ec3ef599292,รถมาล่าช้า,xHry3PSSsYXteaHus,6,13.80646670° N,100.52974830° E
"May 25, 2026","May 25, 2026, 07:23",6a1392ab06116e01335966a8,69e487ebaa730ec3ef599292,รถมาล่าช้า,xHry3PSSsYXteaHus,0,13.80646670° N,100.52958830° E
"May 25, 2026","May 25, 2026, 07:23",6a1392ab06116e01335966a8,69e487ebaa730ec3ef599292,รถมาล่าช้า,xHry3PSSsYXteaHus,0,13.80644330° N,100.52950830° E
"May 25, 2026","May 25, 2026, 07:24",6a1392ab06116e01335966a8,69e487ebaa730ec3ef599292,รถมาล่าช้า,xHry3PSSsYXteaHus,25,13.80904830° N,100.53110830° E
"May 25, 2026","May 25, 2026, 07:24",6a1392ab06116e01335966a8,69e487ebaa730ec3ef599292,รถมาล่าช้า,xHry3PSSsYXteaHus,0,13.80646670° N,100.52958830° E
"May 25, 2026","May 25, 2026, 07:24",6a1392ab06116e01335966a8,69e487ebaa730ec3ef599292,รถมาล่าช้า,xHry3PSSsYXteaHus,6,13.80646670° N,100.52974830° E
"May 25, 2026","May 25, 2026, 07:24",6a1392ab06116e01335966a8,69e487ebaa730ec3ef599292,รถมาล่าช้า,xHry3PSSsYXteaHus,25,13.80904830° N,100.53110830° E
"May 25, 2026","May 25, 2026, 07:24",6a1392ab06116e01335966a8,69e487ebaa730ec3ef599292,รถมาล่าช้า,xHry3PSSsYXteaHus,6,13.80646670° N,100.52974830° E
"May 25, 2026","May 25, 2026, 07:24",6a1392ab06116e01335966a8,69e487ebaa730ec3ef599292,รถมาล่าช้า,xHry3PSSsYXteaHus,0,13.80646670° N,100.52958830° E
"May 25, 2026","May 25, 2026, 07:25",6a1392ab06116e01335966a8,69e487ebaa730ec3ef599292,รถมาล่าช้า,xHry3PSSsYXteaHus,25,13.80904830° N,100.53110830° E
"May 25, 2026","May 25, 2026, 07:25",6a1392ab06116e01335966a8,69e487ebaa730ec3ef599292,รถมาล่าช้า,xHry3PSSsYXteaHus,23,13.81326670° N,100.53141000° E
"May 25, 2026","May 25, 2026, 07:25",6a1392ab06116e01335966a8,69e487ebaa730ec3ef599292,รถมาล่าช้า,xHry3PSSsYXteaHus,6,13.80646670° N,100.52974830° E
"May 25, 2026","May 25, 2026, 07:25",6a1392ab06116e01335966a8,69e487ebaa730ec3ef599292,รถมาล่าช้า,xHry3PSSsYXteaHus,6,13.80646670° N,100.52974830° E
"May 25, 2026","May 25, 2026, 07:25",6a1392ab06116e01335966a8,69e487ebaa730ec3ef599292,รถมาล่าช้า,xHry3PSSsYXteaHus,25,13.80904830° N,100.53110830° E
"May 25, 2026","May 25, 2026, 07:25",6a1392ab06116e01335966a8,69e487ebaa730ec3ef599292,รถมาล่าช้า,xHry3PSSsYXteaHus,23,13.81326670° N,100.53141000° E
"May 25, 2026","May 25, 2026, 07:25",6a1392ab06116e01335966a8,69e487ebaa730ec3ef599292,รถมาล่าช้า,xHry3PSSsYXteaHus,23,13.81326670° N,100.53141000° E
"May 25, 2026","May 25, 2026, 07:25",6a1392ab06116e01335966a8,69e487ebaa730ec3ef599292,รถมาล่าช้า,xHry3PSSsYXteaHus,6,13.80646670° N,100.52974830° E
"May 25, 2026","May 25, 2026, 07:25",6a1392ab06116e01335966a8,69e487ebaa730ec3ef599292,รถมาล่าช้า,xHry3PSSsYXteaHus,25,13.80904830° N,100.53110830° E
"May 25, 2026","May 25, 2026, 07:25",6a1392ab06116e01335966a8,69e487ebaa730ec3ef599292,รถมาล่าช้า,xHry3PSSsYXteaHus,6,13.80646670° N,100.52974830° E
"May 25, 2026","May 25, 2026, 07:25",6a1392ab06116e01335966a8,69e487ebaa730ec3ef599292,รถมาล่าช้า,xHry3PSSsYXteaHus,23,13.81326670° N,100.53141000° E
"May 25, 2026","May 25, 2026, 07:25",6a1392ab06116e01335966a8,69e487ebaa730ec3ef599292,รถมาล่าช้า,xHry3PSSsYXteaHus,25,13.80904830° N,100.53110830° E
"May 25, 2026","May 25, 2026, 07:25",6a1392ab06116e01335966a8,69e487ebaa730ec3ef599292,รถมาล่าช้า,xHry3PSSsYXteaHus,25,13.80904830° N,100.53110830° E
"May 25, 2026","May 25, 2026, 07:25",6a1392ab06116e01335966a8,69e487ebaa730ec3ef599292,รถมาล่าช้า,xHry3PSSsYXteaHus,23,13.81326670° N,100.53141000° E
"May 25, 2026","May 25, 2026, 07:25",6a1392ab06116e01335966a8,69e487ebaa730ec3ef599292,รถมาล่าช้า,xHry3PSSsYXteaHus,6,13.80646670° N,100.52974830° E
"May 25, 2026","May 25, 2026, 07:25",6a1392ab06116e01335966a8,69e487ebaa730ec3ef599292,รถมาล่าช้า,xHry3PSSsYXteaHus,23,13.81326670° N,100.53141000° E
"May 25, 2026","May 25, 2026, 07:25",6a1392ab06116e01335966a8,69e487ebaa730ec3ef599292,รถมาล่าช้า,xHry3PSSsYXteaHus,6,13.80646670° N,100.52974830° E
"May 25, 2026","May 25, 2026, 07:25",6a1392ab06116e01335966a8,69e487ebaa730ec3ef599292,รถมาล่าช้า,xHry3PSSsYXteaHus,25,13.80904830° N,100.53110830° E
"May 25, 2026","May 25, 2026, 07:25",6a1392ab06116e01335966a8,69e487ebaa730ec3ef599292,รถมาล่าช้า,xHry3PSSsYXteaHus,25,13.80904830° N,100.53110830° E
"May 25, 2026","May 25, 2026, 07:25",6a1392ab06116e01335966a8,69e487ebaa730ec3ef599292,รถมาล่าช้า,xHry3PSSsYXteaHus,23,13.81326670° N,100.53141000° E
"May 25, 2026","May 25, 2026, 07:25",6a1392ab06116e01335966a8,69e487ebaa730ec3ef599292,รถมาล่าช้า,xHry3PSSsYXteaHus,6,13.80646670° N,100.52974830° E
"May 25, 2026","May 25, 2026, 07:26",6a1392ab06116e01335966a8,69e487ebaa730ec3ef599292,รถมาล่าช้า,xHry3PSSsYXteaHus,23,13.81326670° N,100.53141000° E
"May 25, 2026","May 25, 2026, 07:26",6a1392ab06116e01335966a8,69e487ebaa730ec3ef599292,รถมาล่าช้า,xHry3PSSsYXteaHus,0,13.81375980° N,100.53118280° E
"May 25, 2026","May 25, 2026, 07:26",6a1392ab06116e01335966a8,69e487ebaa730ec3ef599292,รถมาล่าช้า,xHry3PSSsYXteaHus,25,13.80904830° N,100.53110830° E
"May 25, 2026","May 25, 2026, 07:26",6a1392ab06116e01335966a8,69e487ebaa730ec3ef599292,รถมาล่าช้า,xHry3PSSsYXteaHus,0,13.81375980° N,100.53118280° E
"May 25, 2026","May 25, 2026, 07:26",6a1392ab06116e01335966a8,69e487ebaa730ec3ef599292,รถมาล่าช้า,xHry3PSSsYXteaHus,25,13.80904830° N,100.53110830° E
"May 25, 2026","May 25, 2026, 07:26",6a1392ab06116e01335966a8,69e487ebaa730ec3ef599292,รถมาล่าช้า,xHry3PSSsYXteaHus,23,13.81326670° N,100.53141000° E
"May 25, 2026","May 25, 2026, 07:26",6a1392ab06116e01335966a8,69e487ebaa730ec3ef599292,รถมาล่าช้า,xHry3PSSsYXteaHus,25,13.80904830° N,100.53110830° E
"May 25, 2026","May 25, 2026, 07:26",6a1392ab06116e01335966a8,69e487ebaa730ec3ef599292,รถมาล่าช้า,xHry3PSSsYXteaHus,0,13.81375980° N,100.53118280° E
"May 25, 2026","May 25, 2026, 07:26",6a1392ab06116e01335966a8,69e487ebaa730ec3ef599292,รถมาล่าช้า,xHry3PSSsYXteaHus,23,13.81326670° N,100.53141000° E
"May 25, 2026","May 25, 2026, 07:26",6a1392ab06116e01335966a8,69e487ebaa730ec3ef599292,รถมาล่าช้า,xHry3PSSsYXteaHus,25,13.80904830° N,100.53110830° E
"May 25, 2026","May 25, 2026, 07:26",6a1392ab06116e01335966a8,69e487ebaa730ec3ef599292,รถมาล่าช้า,xHry3PSSsYXteaHus,23,13.81326670° N,100.53141000° E
"May 25, 2026","May 25, 2026, 07:26",6a1392ab06116e01335966a8,69e487ebaa730ec3ef599292,รถมาล่าช้า,xHry3PSSsYXteaHus,0,13.81375980° N,100.53118280° E
"May 25, 2026","May 25, 2026, 07:26",6a1392ab06116e01335966a8,69e487ebaa730ec3ef599292,รถมาล่าช้า,xHry3PSSsYXteaHus,23,13.81326670° N,100.53141000° E
"May 25, 2026","May 25, 2026, 07:26",6a1392ab06116e01335966a8,69e487ebaa730ec3ef599292,รถมาล่าช้า,xHry3PSSsYXteaHus,0,13.81375980° N,100.53118280° E
"May 25, 2026","May 25, 2026, 07:26",6a1392ab06116e01335966a8,69e487ebaa730ec3ef599292,รถมาล่าช้า,xHry3PSSsYXteaHus,25,13.80904830° N,100.53110830° E
"May 25, 2026","May 25, 2026, 07:26",6a1392ab06116e01335966a8,69e487ebaa730ec3ef599292,รถมาล่าช้า,xHry3PSSsYXteaHus,0,13.81375980° N,100.53118280° E
"May 25, 2026","May 25, 2026, 07:26",6a1392ab06116e01335966a8,69e487ebaa730ec3ef599292,รถมาล่าช้า,xHry3PSSsYXteaHus,23,13.81326670° N,100.53141000° E
"May 25, 2026","May 25, 2026, 07:26",6a1392ab06116e01335966a8,69e487ebaa730ec3ef599292,รถมาล่าช้า,xHry3PSSsYXteaHus,25,13.80904830° N,100.53110830° E
"May 25, 2026","May 25, 2026, 07:26",6a1392ab06116e01335966a8,69e487ebaa730ec3ef599292,รถมาล่าช้า,xHry3PSSsYXteaHus,23,13.81326670° N,100.53141000° E
"May 25, 2026","May 25, 2026, 07:26",6a1392ab06116e01335966a8,69e487ebaa730ec3ef599292,รถมาล่าช้า,xHry3PSSsYXteaHus,0,13.81375980° N,100.53118280° E
"May 25, 2026","May 25, 2026, 07:26",6a1392ab06116e01335966a8,69e487ebaa730ec3ef599292,รถมาล่าช้า,xHry3PSSsYXteaHus,25,13.80904830° N,100.53110830° E
"May 25, 2026","May 25, 2026, 07:26",6a1392ab06116e01335966a8,69e487ebaa730ec3ef599292,รถมาล่าช้า,xHry3PSSsYXteaHus,23,13.81326670° N,100.53141000° E
"May 25, 2026","May 25, 2026, 07:26",6a1392ab06116e01335966a8,69e487ebaa730ec3ef599292,รถมาล่าช้า,xHry3PSSsYXteaHus,0,13.81375980° N,100.53118280° E
"May 25, 2026","May 25, 2026, 07:26",6a1392ab06116e01335966a8,69e487ebaa730ec3ef599292,รถมาล่าช้า,xHry3PSSsYXteaHus,25,13.80904830° N,100.53110830° E
"May 25, 2026","May 25, 2026, 07:26",6a1392ab06116e01335966a8,69e487ebaa730ec3ef599292,รถมาล่าช้า,xHry3PSSsYXteaHus,0,13.81375980° N,100.53118280° E
"May 25, 2026","May 25, 2026, 07:26",6a1392ab06116e01335966a8,69e487ebaa730ec3ef599292,รถมาล่าช้า,xHry3PSSsYXteaHus,25,13.80904830° N,100.53110830° E
"May 25, 2026","May 25, 2026, 07:26",6a1392ab06116e01335966a8,69e487ebaa730ec3ef599292,รถมาล่าช้า,xHry3PSSsYXteaHus,23,13.81326670° N,100.53141000° E
"May 25, 2026","May 25, 2026, 07:26",6a1392ab06116e01335966a8,69e487ebaa730ec3ef599292,รถมาล่าช้า,xHry3PSSsYXteaHus,0,13.81375980° N,100.53118280° E
"May 25, 2026","May 25, 2026, 07:26",6a1392ab06116e01335966a8,69e487ebaa730ec3ef599292,รถมาล่าช้า,xHry3PSSsYXteaHus,23,13.81326670° N,100.53141000° E
"May 25, 2026","May 25, 2026, 07:26",6a1392ab06116e01335966a8,69e487ebaa730ec3ef599292,รถมาล่าช้า,xHry3PSSsYXteaHus,25,13.80904830° N,100.53110830° E
"May 25, 2026","May 25, 2026, 07:26",6a1392ab06116e01335966a8,69e487ebaa730ec3ef599292,รถมาล่าช้า,xHry3PSSsYXteaHus,0,13.81375980° N,100.53118280° E
"May 25, 2026","May 25, 2026, 07:26",6a1392ab06116e01335966a8,69e487ebaa730ec3ef599292,รถมาล่าช้า,xHry3PSSsYXteaHus,25,13.80904830° N,100.53110830° E
"May 25, 2026","May 25, 2026, 07:26",6a1392ab06116e01335966a8,69e487ebaa730ec3ef599292,รถมาล่าช้า,xHry3PSSsYXteaHus,23,13.81326670° N,100.53141000° E
"May 25, 2026","May 25, 2026, 07:26",6a1392ab06116e01335966a8,69e487ebaa730ec3ef599292,รถมาล่าช้า,xHry3PSSsYXteaHus,25,13.80904830° N,100.53110830° E
"May 25, 2026","May 25, 2026, 07:26",6a1392ab06116e01335966a8,69e487ebaa730ec3ef599292,รถมาล่าช้า,xHry3PSSsYXteaHus,23,13.81326670° N,100.53141000° E
"May 25, 2026","May 25, 2026, 07:26",6a1392ab06116e01335966a8,69e487ebaa730ec3ef599292,รถมาล่าช้า,xHry3PSSsYXteaHus,0,13.81375980° N,100.53118280° E
"May 25, 2026","May 25, 2026, 07:26",6a1392ab06116e01335966a8,69e487ebaa730ec3ef599292,รถมาล่าช้า,xHry3PSSsYXteaHus,23,13.81326670° N,100.53141000° E
"May 25, 2026","May 25, 2026, 07:26",6a1392ab06116e01335966a8,69e487ebaa730ec3ef599292,รถมาล่าช้า,xHry3PSSsYXteaHus,0,13.81375980° N,100.53118280° E
"May 25, 2026","May 25, 2026, 07:26",6a1392ab06116e01335966a8,69e487ebaa730ec3ef599292,รถมาล่าช้า,xHry3PSSsYXteaHus,25,13.80904830° N,100.53110830° E
"May 25, 2026","May 25, 2026, 07:27",6a1392ab06116e01335966a8,69e487ebaa730ec3ef599292,รถมาล่าช้า,xHry3PSSsYXteaHus,4,13.81377760° N,100.53128210° E
"May 25, 2026","May 25, 2026, 07:27",6a1392ab06116e01335966a8,69e487ebaa730ec3ef599292,รถมาล่าช้า,xHry3PSSsYXteaHus,23,13.81326670° N,100.53141000° E
"May 25, 2026","May 25, 2026, 07:27",6a1392ab06116e01335966a8,69e487ebaa730ec3ef599292,รถมาล่าช้า,xHry3PSSsYXteaHus,0,13.81375980° N,100.53118280° E
"May 25, 2026","May 25, 2026, 07:27",6a1392ab06116e01335966a8,69e487ebaa730ec3ef599292,รถมาล่าช้า,xHry3PSSsYXteaHus,23,13.81326670° N,100.53141000° E
"May 25, 2026","May 25, 2026, 07:27",6a1392ab06116e01335966a8,69e487ebaa730ec3ef599292,รถมาล่าช้า,xHry3PSSsYXteaHus,4,13.81377760° N,100.53128210° E
"May 25, 2026","May 25, 2026, 07:27",6a1392ab06116e01335966a8,69e487ebaa730ec3ef599292,รถมาล่าช้า,xHry3PSSsYXteaHus,0,13.81375980° N,100.53118280° E
"May 25, 2026","May 25, 2026, 07:27",6a1392ab06116e01335966a8,69e487ebaa730ec3ef599292,รถมาล่าช้า,xHry3PSSsYXteaHus,4,13.81377760° N,100.53128210° E
"May 25, 2026","May 25, 2026, 07:27",6a1392ab06116e01335966a8,69e487ebaa730ec3ef599292,รถมาล่าช้า,xHry3PSSsYXteaHus,23,13.81326670° N,100.53141000° E
"May 25, 2026","May 25, 2026, 07:27",6a1392ab06116e01335966a8,69e487ebaa730ec3ef599292,รถมาล่าช้า,xHry3PSSsYXteaHus,0,13.81375980° N,100.53118280° E
"May 25, 2026","May 25, 2026, 07:27",6a1392ab06116e01335966a8,69e487ebaa730ec3ef599292,รถมาล่าช้า,xHry3PSSsYXteaHus,23,13.81326670° N,100.53141000° E
"May 25, 2026","May 25, 2026, 07:27",6a1392ab06116e01335966a8,69e487ebaa730ec3ef599292,รถมาล่าช้า,xHry3PSSsYXteaHus,0,13.81375980° N,100.53118280° E
"May 25, 2026","May 25, 2026, 07:27",6a1392ab06116e01335966a8,69e487ebaa730ec3ef599292,รถมาล่าช้า,xHry3PSSsYXteaHus,4,13.81377760° N,100.53128210° E
"May 25, 2026","May 25, 2026, 07:27",6a1392ab06116e01335966a8,69e487ebaa730ec3ef599292,รถมาล่าช้า,xHry3PSSsYXteaHus,23,13.81326670° N,100.53141000° E
"May 25, 2026","May 25, 2026, 07:27",6a1392ab06116e01335966a8,69e487ebaa730ec3ef599292,รถมาล่าช้า,xHry3PSSsYXteaHus,0,13.81375980° N,100.53118280° E
"May 25, 2026","May 25, 2026, 07:27",6a1392ab06116e01335966a8,69e487ebaa730ec3ef599292,รถมาล่าช้า,xHry3PSSsYXteaHus,4,13.81377760° N,100.53128210° E
"May 25, 2026","May 25, 2026, 07:27",6a1392ab06116e01335966a8,69e487ebaa730ec3ef599292,รถมาล่าช้า,xHry3PSSsYXteaHus,23,13.81326670° N,100.53141000° E
"May 25, 2026","May 25, 2026, 07:27",6a1392ab06116e01335966a8,69e487ebaa730ec3ef599292,รถมาล่าช้า,xHry3PSSsYXteaHus,4,13.81377760° N,100.53128210° E
"May 25, 2026","May 25, 2026, 07:27",6a1392ab06116e01335966a8,69e487ebaa730ec3ef599292,รถมาล่าช้า,xHry3PSSsYXteaHus,0,13.81375980° N,100.53118280° E
"May 25, 2026","May 25, 2026, 07:27",6a1392ab06116e01335966a8,69e487ebaa730ec3ef599292,รถมาล่าช้า,xHry3PSSsYXteaHus,4,13.81377760° N,100.53128210° E
"May 25, 2026","May 25, 2026, 07:27",6a1392ab06116e01335966a8,69e487ebaa730ec3ef599292,รถมาล่าช้า,xHry3PSSsYXteaHus,0,13.81375980° N,100.53118280° E
"May 25, 2026","May 25, 2026, 07:27",6a1392ab06116e01335966a8,69e487ebaa730ec3ef599292,รถมาล่าช้า,xHry3PSSsYXteaHus,23,13.81326670° N,100.53141000° E
"May 25, 2026","May 25, 2026, 07:27",6a1392ab06116e01335966a8,69e487ebaa730ec3ef599292,รถมาล่าช้า,xHry3PSSsYXteaHus,0,13.81375980° N,100.53118280° E
"May 25, 2026","May 25, 2026, 07:27",6a1392ab06116e01335966a8,69e487ebaa730ec3ef599292,รถมาล่าช้า,xHry3PSSsYXteaHus,23,13.81326670° N,100.53141000° E
"May 25, 2026","May 25, 2026, 07:27",6a1392ab06116e01335966a8,69e487ebaa730ec3ef599292,รถมาล่าช้า,xHry3PSSsYXteaHus,4,13.81377760° N,100.53128210° E
"May 25, 2026","May 25, 2026, 07:27",6a1392ab06116e01335966a8,69e487ebaa730ec3ef599292,รถมาล่าช้า,xHry3PSSsYXteaHus,0,13.81375980° N,100.53118280° E
"May 25, 2026","May 25, 2026, 07:27",6a1392ab06116e01335966a8,69e487ebaa730ec3ef599292,รถมาล่าช้า,xHry3PSSsYXteaHus,23,13.81326670° N,100.53141000° E
"May 25, 2026","May 25, 2026, 07:27",6a1392ab06116e01335966a8,69e487ebaa730ec3ef599292,รถมาล่าช้า,xHry3PSSsYXteaHus,4,13.81377760° N,100.53128210° E
"May 25, 2026","May 25, 2026, 07:27",6a1392ab06116e01335966a8,69e487ebaa730ec3ef599292,รถมาล่าช้า,xHry3PSSsYXteaHus,4,13.81377760° N,100.53128210° E
"May 25, 2026","May 25, 2026, 07:27",6a1392ab06116e01335966a8,69e487ebaa730ec3ef599292,รถมาล่าช้า,xHry3PSSsYXteaHus,0,13.81375980° N,100.53118280° E
"May 25, 2026","May 25, 2026, 07:27",6a1392ab06116e01335966a8,69e487ebaa730ec3ef599292,รถมาล่าช้า,xHry3PSSsYXteaHus,23,13.81326670° N,100.53141000° E
"May 25, 2026","May 25, 2026, 07:27",6a1392ab06116e01335966a8,69e487ebaa730ec3ef599292,รถมาล่าช้า,xHry3PSSsYXteaHus,23,13.81326670° N,100.53141000° E
"May 25, 2026","May 25, 2026, 07:27",6a1392ab06116e01335966a8,69e487ebaa730ec3ef599292,รถมาล่าช้า,xHry3PSSsYXteaHus,4,13.81377760° N,100.53128210° E
"May 25, 2026","May 25, 2026, 07:27",6a1392ab06116e01335966a8,69e487ebaa730ec3ef599292,รถมาล่าช้า,xHry3PSSsYXteaHus,0,13.81375980° N,100.53118280° E
"May 25, 2026","May 25, 2026, 07:27",6a1392ab06116e01335966a8,69e487ebaa730ec3ef599292,รถมาล่าช้า,xHry3PSSsYXteaHus,0,13.81375980° N,100.53118280° E
"May 25, 2026","May 25, 2026, 07:27",6a1392ab06116e01335966a8,69e487ebaa730ec3ef599292,รถมาล่าช้า,xHry3PSSsYXteaHus,4,13.81377760° N,100.53128210° E
"May 25, 2026","May 25, 2026, 07:27",6a1392ab06116e01335966a8,69e487ebaa730ec3ef599292,รถมาล่าช้า,xHry3PSSsYXteaHus,23,13.81326670° N,100.53141000° E
"May 25, 2026","May 25, 2026, 07:27",6a1392ab06116e01335966a8,69e487ebaa730ec3ef599292,รถมาล่าช้า,xHry3PSSsYXteaHus,23,13.81326670° N,100.53141000° E
"May 25, 2026","May 25, 2026, 07:27",6a1392ab06116e01335966a8,69e487ebaa730ec3ef599292,รถมาล่าช้า,xHry3PSSsYXteaHus,0,13.81375980° N,100.53118280° E
"May 25, 2026","May 25, 2026, 07:27",6a1392ab06116e01335966a8,69e487ebaa730ec3ef599292,รถมาล่าช้า,xHry3PSSsYXteaHus,4,13.81377760° N,100.53128210° E
"May 25, 2026","May 25, 2026, 07:27",6a1392ab06116e01335966a8,69e487ebaa730ec3ef599292,รถมาล่าช้า,xHry3PSSsYXteaHus,4,13.81377760° N,100.53128210° E
"May 25, 2026","May 25, 2026, 07:27",6a1392ab06116e01335966a8,69e487ebaa730ec3ef599292,รถมาล่าช้า,xHry3PSSsYXteaHus,0,13.81375980° N,100.53118280° E
"May 25, 2026","May 25, 2026, 07:27",6a1392ab06116e01335966a8,69e487ebaa730ec3ef599292,รถมาล่าช้า,xHry3PSSsYXteaHus,23,13.81326670° N,100.53141000° E
"May 25, 2026","May 25, 2026, 07:27",6a1392ab06116e01335966a8,69e487ebaa730ec3ef599292,รถมาล่าช้า,xHry3PSSsYXteaHus,4,13.81377760° N,100.53128210° E
"May 25, 2026","May 25, 2026, 07:27",6a1392ab06116e01335966a8,69e487ebaa730ec3ef599292,รถมาล่าช้า,xHry3PSSsYXteaHus,0,13.81375980° N,100.53118280° E
"May 25, 2026","May 25, 2026, 07:27",6a1392ab06116e01335966a8,69e487ebaa730ec3ef599292,รถมาล่าช้า,xHry3PSSsYXteaHus,23,13.81326670° N,100.53141000° E
"May 25, 2026","May 25, 2026, 07:27",6a1392ab06116e01335966a8,69e487ebaa730ec3ef599292,รถมาล่าช้า,xHry3PSSsYXteaHus,0,13.81375980° N,100.53118280° E
"May 25, 2026","May 25, 2026, 07:27",6a1392ab06116e01335966a8,69e487ebaa730ec3ef599292,รถมาล่าช้า,xHry3PSSsYXteaHus,4,13.81377760° N,100.53128210° E
"May 25, 2026","May 25, 2026, 07:27",6a1392ab06116e01335966a8,69e487ebaa730ec3ef599292,รถมาล่าช้า,xHry3PSSsYXteaHus,23,13.81326670° N,100.53141000° E
"May 25, 2026","May 25, 2026, 07:28",6a1392ab06116e01335966a8,69e487ebaa730ec3ef599292,รถมาล่าช้า,xHry3PSSsYXteaHus,4,13.81377760° N,100.53128210° E
"May 25, 2026","May 25, 2026, 07:28",6a1392ab06116e01335966a8,69e487ebaa730ec3ef599292,รถมาล่าช้า,xHry3PSSsYXteaHus,0,13.81375980° N,100.53118280° E
"May 25, 2026","May 25, 2026, 07:28",6a1392ab06116e01335966a8,69e487ebaa730ec3ef599292,รถมาล่าช้า,xHry3PSSsYXteaHus,41,13.81723440° N,100.53213630° E
"May 25, 2026","May 25, 2026, 07:28",6a1392ab06116e01335966a8,69e487ebaa730ec3ef599292,รถมาล่าช้า,xHry3PSSsYXteaHus,4,13.81377760° N,100.53128210° E
"May 25, 2026","May 25, 2026, 07:28",6a1392ab06116e01335966a8,69e487ebaa730ec3ef599292,รถมาล่าช้า,xHry3PSSsYXteaHus,41,13.81723440° N,100.53213630° E
"May 25, 2026","May 25, 2026, 07:28",6a1392ab06116e01335966a8,69e487ebaa730ec3ef599292,รถมาล่าช้า,xHry3PSSsYXteaHus,0,13.81375980° N,100.53118280° E
"May 25, 2026","May 25, 2026, 07:28",6a1392ab06116e01335966a8,69e487ebaa730ec3ef599292,รถมาล่าช้า,xHry3PSSsYXteaHus,0,13.81375980° N,100.53118280° E
"May 25, 2026","May 25, 2026, 07:28",6a1392ab06116e01335966a8,69e487ebaa730ec3ef599292,รถมาล่าช้า,xHry3PSSsYXteaHus,41,13.81723440° N,100.53213630° E
"May 25, 2026","May 25, 2026, 07:28",6a1392ab06116e01335966a8,69e487ebaa730ec3ef599292,รถมาล่าช้า,xHry3PSSsYXteaHus,4,13.81377760° N,100.53128210° E
"May 25, 2026","May 25, 2026, 07:28",6a1392ab06116e01335966a8,69e487ebaa730ec3ef599292,รถมาล่าช้า,xHry3PSSsYXteaHus,0,13.81375980° N,100.53118280° E
"May 25, 2026","May 25, 2026, 07:28",6a1392ab06116e01335966a8,69e487ebaa730ec3ef599292,รถมาล่าช้า,xHry3PSSsYXteaHus,41,13.81723440° N,100.53213630° E
"May 25, 2026","May 25, 2026, 07:28",6a1392ab06116e01335966a8,69e487ebaa730ec3ef599292,รถมาล่าช้า,xHry3PSSsYXteaHus,4,13.81377760° N,100.53128210° E
"May 25, 2026","May 25, 2026, 07:28",6a1392ab06116e01335966a8,69e487ebaa730ec3ef599292,รถมาล่าช้า,xHry3PSSsYXteaHus,41,13.81723440° N,100.53213630° E
"May 25, 2026","May 25, 2026, 07:28",6a1392ab06116e01335966a8,69e487ebaa730ec3ef599292,รถมาล่าช้า,xHry3PSSsYXteaHus,4,13.81377760° N,100.53128210° E
"May 25, 2026","May 25, 2026, 07:28",6a1392ab06116e01335966a8,69e487ebaa730ec3ef599292,รถมาล่าช้า,xHry3PSSsYXteaHus,0,13.81375980° N,100.53118280° E
"May 25, 2026","May 25, 2026, 07:28",6a1392ab06116e01335966a8,69e487ebaa730ec3ef599292,รถมาล่าช้า,xHry3PSSsYXteaHus,0,13.81375980° N,100.53118280° E
"May 25, 2026","May 25, 2026, 07:28",6a1392ab06116e01335966a8,69e487ebaa730ec3ef599292,รถมาล่าช้า,xHry3PSSsYXteaHus,41,13.81723440° N,100.53213630° E
"May 25, 2026","May 25, 2026, 07:28",6a1392ab06116e01335966a8,69e487ebaa730ec3ef599292,รถมาล่าช้า,xHry3PSSsYXteaHus,4,13.81377760° N,100.53128210° E
"May 25, 2026","May 25, 2026, 07:28",6a1392ab06116e01335966a8,69e487ebaa730ec3ef599292,รถมาล่าช้า,xHry3PSSsYXteaHus,4,13.81377760° N,100.53128210° E
"May 25, 2026","May 25, 2026, 07:28",6a1392ab06116e01335966a8,69e487ebaa730ec3ef599292,รถมาล่าช้า,xHry3PSSsYXteaHus,41,13.81723440° N,100.53213630° E
"May 25, 2026","May 25, 2026, 07:28",6a1392ab06116e01335966a8,69e487ebaa730ec3ef599292,รถมาล่าช้า,xHry3PSSsYXteaHus,0,13.81375980° N,100.53118280° E
"May 25, 2026","May 25, 2026, 07:28",6a1392ab06116e01335966a8,69e487ebaa730ec3ef599292,รถมาล่าช้า,xHry3PSSsYXteaHus,0,13.81375980° N,100.53118280° E
"May 25, 2026","May 25, 2026, 07:28",6a1392ab06116e01335966a8,69e487ebaa730ec3ef599292,รถมาล่าช้า,xHry3PSSsYXteaHus,41,13.81723440° N,100.53213630° E
"May 25, 2026","May 25, 2026, 07:28",6a1392ab06116e01335966a8,69e487ebaa730ec3ef599292,รถมาล่าช้า,xHry3PSSsYXteaHus,4,13.81377760° N,100.53128210° E
"May 25, 2026","May 25, 2026, 07:28",6a1392ab06116e01335966a8,69e487ebaa730ec3ef599292,รถมาล่าช้า,xHry3PSSsYXteaHus,41,13.81723440° N,100.53213630° E
"May 25, 2026","May 25, 2026, 07:28",6a1392ab06116e01335966a8,69e487ebaa730ec3ef599292,รถมาล่าช้า,xHry3PSSsYXteaHus,4,13.81377760° N,100.53128210° E
"May 25, 2026","May 25, 2026, 07:28",6a1392ab06116e01335966a8,69e487ebaa730ec3ef599292,รถมาล่าช้า,xHry3PSSsYXteaHus,0,13.81375980° N,100.53118280° E
"May 25, 2026","May 25, 2026, 07:28",6a1392ab06116e01335966a8,69e487ebaa730ec3ef599292,รถมาล่าช้า,xHry3PSSsYXteaHus,4,13.81377760° N,100.53128210° E
"May 25, 2026","May 25, 2026, 07:28",6a1392ab06116e01335966a8,69e487ebaa730ec3ef599292,รถมาล่าช้า,xHry3PSSsYXteaHus,41,13.81723440° N,100.53213630° E
"May 25, 2026","May 25, 2026, 07:28",6a1392ab06116e01335966a8,69e487ebaa730ec3ef599292,รถมาล่าช้า,xHry3PSSsYXteaHus,0,13.81375980° N,100.53118280° E
"May 25, 2026","May 25, 2026, 07:29",6a1392ab06116e01335966a8,69e487ebaa730ec3ef599292,รถมาล่าช้า,xHry3PSSsYXteaHus,41,13.81723440° N,100.53213630° E
"May 25, 2026","May 25, 2026, 07:29",6a1392ab06116e01335966a8,69e487ebaa730ec3ef599292,รถมาล่าช้า,xHry3PSSsYXteaHus,4,13.81377760° N,100.53128210° E
"May 25, 2026","May 25, 2026, 07:29",6a1392ab06116e01335966a8,69e487ebaa730ec3ef599292,รถมาล่าช้า,xHry3PSSsYXteaHus,37,13.82221330° N,100.53260830° E
"May 25, 2026","May 25, 2026, 07:30",6a1392ab06116e01335966a8,69e487ebaa730ec3ef599292,รถมาล่าช้า,xHry3PSSsYXteaHus,41,13.81723440° N,100.53213630° E
"May 25, 2026","May 25, 2026, 07:30",6a1392ab06116e01335966a8,69e487ebaa730ec3ef599292,รถมาล่าช้า,xHry3PSSsYXteaHus,29,13.82572830° N,100.53067670° E
"May 25, 2026","May 25, 2026, 07:30",6a1392ab06116e01335966a8,69e487ebaa730ec3ef599292,รถมาล่าช้า,xHry3PSSsYXteaHus,37,13.82221330° N,100.53260830° E
"May 25, 2026","May 25, 2026, 07:30",6a1392ab06116e01335966a8,69e487ebaa730ec3ef599292,รถมาล่าช้า,xHry3PSSsYXteaHus,37,13.82221330° N,100.53260830° E
"May 25, 2026","May 25, 2026, 07:30",6a1392ab06116e01335966a8,69e487ebaa730ec3ef599292,รถมาล่าช้า,xHry3PSSsYXteaHus,29,13.82572830° N,100.53067670° E
"May 25, 2026","May 25, 2026, 07:30",6a1392ab06116e01335966a8,69e487ebaa730ec3ef599292,รถมาล่าช้า,xHry3PSSsYXteaHus,41,13.81723440° N,100.53213630° E
"May 25, 2026","May 25, 2026, 07:31",6a1392ab06116e01335966a8,69e487ebaa730ec3ef599292,รถมาล่าช้า,xHry3PSSsYXteaHus,37,13.82221330° N,100.53260830° E
"May 25, 2026","May 25, 2026, 07:31",6a1392ab06116e01335966a8,69e487ebaa730ec3ef599292,รถมาล่าช้า,xHry3PSSsYXteaHus,12,13.82622500° N,100.52820670° E
"May 25, 2026","May 25, 2026, 07:31",6a1392ab06116e01335966a8,69e487ebaa730ec3ef599292,รถมาล่าช้า,xHry3PSSsYXteaHus,29,13.82572830° N,100.53067670° E
